X,Y,id,nom,icon_url
2.15310037940531,41.3757777729454,,punt 1,./0.png
2.1730647687556,41.3672768071575,,Punt 2,./0.png
2.1878770576284,41.3873699990197,,Punt 3,./0.png
